Crop,Scientific_Name,Category,Season,Duration_days,Base_Temp_C,Required_GDD,Min_Temp_C,Opt_Temp_C,Max_Temp_C,Min_Rain_mm,Opt_Rain_mm,Max_Rain_mm,Min_Humidity_pct,Max_Humidity_pct,Min_pH,Max_pH,Soil_Type,Sunlight_hrs_day,Water_Requirement,N_kg_ha,P_kg_ha,K_kg_ha,Heat_Tolerance,Drought_Tolerance,Flood_Tolerance,Wind_Tolerance,Salinity_Tolerance,Growth_Stages,Sources
Rice,Oryza sativa,Cereal,Kharif,120,10,2100,16,28,38,1000,1500,2500,70,90,5.5,7.0,Clay Loam,8,Very High,120,60,60,Moderate,Low,High,Moderate,Low,Germination(0-10)|Seedling(10-25)|Tillering(25-55)|Panicle Initiation(55-75)|Flowering(75-95)|Grain Filling(95-110)|Maturity(110-120),FAO; TNAU Agritech; ICAR
Wheat,Triticum aestivum,Cereal,Rabi,110,4,1800,3,22,30,400,600,1000,50,75,6.0,7.5,Loam,6,Moderate,120,60,40,Low,Low,Low,Moderate,Moderate,Germination(0-8)|Seedling(8-25)|Tillering(25-50)|Jointing(50-70)|Heading(70-85)|Grain Fill(85-100)|Maturity(100-110),FAO; TNAU Agritech; ICAR
Maize,Zea mays,Cereal,Kharif,95,10,1500,10,27,35,500,700,1200,50,80,5.8,7.5,Loam,8,High,150,75,75,Moderate,Moderate,Low,Moderate,Low,Germination(0-7)|Seedling(7-20)|Vegetative(20-50)|Tasseling(50-65)|Silking(65-75)|Grain Filling(75-90)|Maturity(90-95),FAO; TNAU Agritech
Sorghum,Sorghum bicolor,Cereal,Kharif,110,10,1800,10,28,35,400,700,1000,25,65,6.0,8.5,Sandy Loam,8,Low,90,45,45,High,High,Moderate,Moderate,Moderate,Germination(0-8)|Seedling(8-20)|Vegetative(20-50)|Panicle Initiation(50-65)|Flowering(65-80)|Grain Filling(80-100)|Maturity(100-110),FAO ECOCROP; ICAR
Pearl Millet,Pennisetum glaucum,Cereal,Kharif,85,10,1400,15,32,42,300,500,800,20,60,6.0,8.0,Sandy Loam,8,Low,80,40,40,Very High,Very High,Low,Moderate,Moderate,Germination(0-5)|Seedling(5-18)|Vegetative(18-45)|Panicle(45-58)|Flowering(58-70)|Grain Fill(70-82)|Maturity(82-85),FAO ECOCROP; ICAR-ICRISAT
Finger Millet,Eleusine coracana,Cereal,Kharif,105,10,1700,15,28,35,500,900,1200,30,70,5.0,8.2,Sandy Clay Loam,7,Moderate,60,30,30,Moderate,High,Low,Moderate,Moderate,Germination(0-8)|Seedling(8-22)|Vegetative(22-55)|Inflorescence(55-75)|Flowering(75-90)|Grain Fill(90-100)|Maturity(100-105),ICAR; FAO ECOCROP
Barley,Hordeum vulgare,Cereal,Rabi,110,4,1700,5,15,30,250,400,600,40,70,7.0,8.0,Loam,6,Low,80,40,20,Low,Moderate,Low,Moderate,High,Germination(0-8)|Seedling(8-25)|Tillering(25-50)|Jointing(50-68)|Heading(68-85)|Grain Fill(85-100)|Maturity(100-110),FAO ECOCROP; ICAR
Black Gram,Vigna mungo,Pulse,Kharif,85,10,1200,20,28,35,400,600,900,60,80,6.5,7.8,Loam,7,Moderate,20,40,20,Moderate,Moderate,Low,Moderate,Low,Germination(0-7)|Seedling(7-18)|Vegetative(18-35)|Flowering(35-55)|Pod Development(55-72)|Maturity(72-85),TNAU Agritech; ICAR
Green Gram,Vigna radiata,Pulse,Kharif,70,10,1000,18,28,37,450,700,900,60,80,6.0,7.0,Sandy Loam,7,Moderate,20,40,20,Moderate,Moderate,Low,Moderate,Low,Germination(0-6)|Seedling(6-16)|Vegetative(16-32)|Flowering(32-48)|Pod Development(48-62)|Maturity(62-70),TNAU Agritech; ICAR
Red Gram,Cajanus cajan,Pulse,Kharif,160,10,2500,18,28,38,600,900,1200,40,75,6.5,7.5,Sandy Clay Loam,8,Moderate,20,50,30,High,High,Low,Moderate,Low,Germination(0-8)|Seedling(8-25)|Vegetative(25-70)|Flower Initiation(70-100)|Flowering(100-125)|Pod Fill(125-148)|Maturity(148-160),TNAU Agritech; ICAR
Chickpea,Cicer arietinum,Pulse,Rabi,100,5,1500,10,24,32,600,900,1200,35,65,6.0,8.0,Sandy Loam,6,Low,20,60,20,Low,High,Low,Low,Moderate,Germination(0-8)|Seedling(8-22)|Vegetative(22-45)|Flowering(45-65)|Pod Development(65-85)|Maturity(85-100),FAO; TNAU; ICAR
Cowpea,Vigna unguiculata,Pulse,Kharif,90,10,1300,18,27,35,300,700,1000,50,80,5.5,7.0,Sandy Loam,8,Low,20,40,20,High,High,Low,Moderate,Moderate,Germination(0-6)|Seedling(6-18)|Vegetative(18-40)|Flowering(40-60)|Pod Development(60-80)|Maturity(80-90),FAO ECOCROP; ICAR
Horse Gram,Macrotyloma uniflorum,Pulse,Rabi,110,10,1600,14,25,35,300,600,900,30,65,6.0,7.5,Red Sandy,7,Very Low,15,30,20,High,Very High,Low,Moderate,Moderate,Germination(0-8)|Seedling(8-22)|Vegetative(22-50)|Flowering(50-75)|Pod Fill(75-98)|Maturity(98-110),ICAR; TNAU
Groundnut,Arachis hypogaea,Oilseed,Kharif,120,10,1800,15,30,35,450,650,900,50,75,6.0,7.0,Sandy Loam,7,Moderate,20,40,80,Moderate,Moderate,Low,Moderate,Moderate,Germination(0-10)|Seedling(10-25)|Vegetative(25-50)|Flowering(50-70)|Pegging(70-90)|Pod Fill(90-108)|Maturity(108-120),ICAR-ICRISAT; TNAU
Sesame,Sesamum indicum,Oilseed,Kharif,90,15,1200,18,30,37,400,600,900,40,70,5.5,8.0,Sandy Loam,8,Low,40,30,15,High,High,Low,Low,Low,Germination(0-7)|Seedling(7-20)|Vegetative(20-45)|Flowering(45-65)|Capsule Formation(65-80)|Maturity(80-90),ICAR; FAO ECOCROP
Sunflower,Helianthus annuus,Oilseed,Rabi,100,8,1500,7,24,35,500,800,1200,40,75,6.0,7.5,Loam,8,Moderate,60,60,60,Moderate,Moderate,Low,High,Low,Germination(0-8)|Seedling(8-20)|Vegetative(20-50)|Bud Stage(50-65)|Flowering(65-80)|Seed Fill(80-92)|Maturity(92-100),ICAR; TNAU
Mustard,Brassica juncea,Oilseed,Rabi,110,5,1400,7,22,28,300,500,800,30,65,6.0,7.5,Sandy Loam,6,Moderate,80,40,40,Low,Moderate,Low,Moderate,Moderate,Germination(0-7)|Seedling(7-20)|Rosette(20-40)|Bolt(40-58)|Flowering(58-78)|Pod Fill(78-100)|Maturity(100-110),ICAR; TNAU Agritech
Soybean,Glycine max,Oilseed,Kharif,100,10,1500,10,28,35,500,800,1200,60,85,6.0,7.0,Clay Loam,8,Moderate,30,60,40,Moderate,Moderate,Low,Moderate,Low,Germination(0-7)|Seedling(7-20)|Vegetative(20-45)|Flowering(45-65)|Pod Initiation(65-80)|Seed Fill(80-92)|Maturity(92-100),FAO; TNAU Agritech; ICAR
Castor,Ricinus communis,Oilseed,Kharif,155,10,2200,18,28,40,500,1000,1500,40,70,5.0,6.5,Sandy Loam,8,Moderate,60,40,30,High,Moderate,Low,Low,Moderate,Germination(0-10)|Seedling(10-28)|Vegetative(28-60)|Inflorescence(60-90)|Flowering(90-115)|Fruit Fill(115-143)|Maturity(143-155),ICAR; TNAU
Cotton,Gossypium hirsutum,Commercial,Kharif,175,12,2400,15,30,42,600,900,1200,40,80,6.0,8.0,Black Soil,9,Moderate,120,60,60,High,Moderate,Low,Moderate,Moderate,Germination(0-10)|Seedling(10-25)|Squaring(25-55)|Flowering(55-85)|Boll Development(85-130)|Boll Opening(130-160)|Harvest(160-175),TNAU Agritech; ICAR-CICR
Sugarcane,Saccharum officinarum,Commercial,Kharif,330,12,6000,20,32,42,1000,1500,2500,60,85,6.0,7.5,Loam to Clay Loam,9,Very High,250,115,120,High,Low,Moderate,Low,Low,Germination(0-35)|Tillering(35-120)|Grand Growth(120-270)|Ripening(270-330),FAO; TNAU Agritech; ICAR
Tea,Camellia sinensis,Commercial,Perennial,1825,12,20000,12,22,30,1500,2000,3000,70,90,4.5,6.0,Acidic Loam,5,High,120,30,60,Low,Low,Low,Low,Low,Nursery(0-180)|Young Tea(180-720)|Productive(720-1825),TNAU Agritech; UPASI-TRF
Coffee,Coffea arabica,Commercial,Perennial,1460,12,15000,15,23,28,1500,2000,2500,65,85,6.0,6.5,Well-Drained Loam,4,High,60,30,60,Low,Low,Low,Low,Low,Nursery(0-365)|Establishment(365-730)|Bearing(730-1460),TNAU Agritech; ICAR-CCRI
Rubber,Hevea brasiliensis,Commercial,Perennial,2555,15,25000,22,28,35,2000,2500,4500,70,90,4.5,6.0,Laterite Loam,6,High,80,30,30,Low,Low,Low,High,Low,Nursery(0-365)|Immature(365-1825)|Mature Tapping(1825-2555),TNAU Agritech; RRII
Tobacco,Nicotiana tabacum,Commercial,Rabi,115,10,1800,18,28,33,500,900,1200,50,80,5.5,6.5,Sandy Loam,8,Moderate,80,40,100,Moderate,Moderate,Low,Moderate,Low,Nursery(0-45)|Transplant Estab(45-70)|Rapid Growth(70-95)|Topping(95-105)|Maturity(105-115),TNAU Agritech; CTRI-ICAR
Tomato,Solanum lycopersicum,Vegetable,Rabi,130,10,1700,10,24,35,500,800,1200,60,80,6.0,7.0,Sandy Loam,8,Moderate,150,75,75,Moderate,Moderate,Low,Low,Low,Germination(0-8)|Seedling(8-25)|Transplant Estab(25-45)|Vegetative(45-65)|Flowering(65-85)|Fruiting(85-115)|Harvest(115-130),TNAU; ICAR-IIHR
Onion,Allium cepa,Vegetable,Rabi,120,5,1500,10,18,28,400,700,1000,50,70,6.0,7.5,Sandy Loam,10,Moderate,120,60,60,Low,Moderate,Low,Moderate,Moderate,Germination(0-8)|Seedling(8-25)|Transplant Estab(25-45)|Leaf Growth(45-75)|Bulb Initiation(75-95)|Bulb Enlargement(95-110)|Maturity(110-120),TNAU; NHB; ICAR-NHRDF
Brinjal,Solanum melongena,Vegetable,Kharif,140,10,2000,15,25,35,500,800,1200,60,80,5.5,7.0,Sandy Loam,7,Moderate,120,60,45,Moderate,Moderate,Low,Moderate,Low,Germination(0-8)|Seedling(8-25)|Transplant Estab(25-45)|Vegetative(45-70)|Flowering(70-95)|Fruiting(95-128)|Harvest(128-140),TNAU; ICAR-IIHR
Chilli,Capsicum annuum,Vegetable,Kharif,150,10,2200,15,25,35,500,900,1500,60,85,6.0,7.0,Sandy Clay Loam,7,Moderate,80,50,50,Moderate,Moderate,Low,Moderate,Low,Germination(0-10)|Seedling(10-28)|Transplant Estab(28-55)|Vegetative(55-80)|Flowering(80-110)|Fruiting(110-138)|Harvest(138-150),TNAU; ICAR-IIHR; IIVR
Potato,Solanum tuberosum,Vegetable,Rabi,100,2,1300,7,20,25,450,700,1000,70,80,5.0,6.5,Sandy Loam,8,High,120,80,100,Low,Low,Low,Moderate,Low,Germination(0-10)|Emergence(10-20)|Vegetative(20-40)|Tuber Initiation(40-60)|Tuber Bulking(60-85)|Maturation(85-100),FAO; TNAU; ICAR-CPRI
Cabbage,Brassica oleracea var. capitata,Vegetable,Rabi,100,4,1200,7,18,25,350,600,900,70,85,6.0,7.0,Sandy Clay Loam,6,Moderate,120,60,60,Low,Low,Low,Moderate,Low,Germination(0-7)|Seedling(7-20)|Transplant Estab(20-40)|Vegetative(40-65)|Head Formation(65-85)|Maturity(85-100),TNAU; NHB; ICAR-IIHR
Cauliflower,Brassica oleracea var. botrytis,Vegetable,Rabi,105,4,1300,10,18,28,350,600,900,70,85,6.0,7.0,Sandy Clay Loam,6,Moderate,120,60,60,Low,Low,Low,Moderate,Low,Germination(0-7)|Seedling(7-20)|Transplant Estab(20-40)|Vegetative(40-65)|Curd Formation(65-90)|Maturity(90-105),TNAU; NHB; ICAR-IIHR
Okra,Abelmoschus esculentus,Vegetable,Kharif,70,15,1100,22,30,40,450,700,1200,60,90,6.0,7.5,Sandy Loam,8,Moderate,60,30,30,High,Moderate,Low,Moderate,Low,Germination(0-6)|Seedling(6-15)|Vegetative(15-30)|Flowering(30-50)|Pod Development(50-65)|Harvest(65-70),TNAU; ICAR-IIHR; IIVR
Banana,Musa spp.,Fruit,Perennial,360,14,4000,13,27,35,1500,1800,2500,75,90,5.5,7.0,Well-Drained Loam,8,Very High,200,60,300,Low,Low,Moderate,Low,Moderate,Sucker Establishment(0-60)|Vegetative(60-180)|Bunch Initiation(180-270)|Flowering(270-310)|Fruit Development(310-345)|Harvest(345-360),TNAU Agritech; NHB; ICAR
Mango,Mangifera indica,Fruit,Perennial,2555,12,25000,18,27,38,600,1000,2500,45,75,5.5,7.5,Sandy Loam,8,Moderate,400,200,400,High,High,Low,Moderate,Low,Nursery(0-365)|Establishment(365-1095)|Flower Initiation(Oct-Nov)|Flowering(Dec-Mar)|Fruit Dev(Jan-May)|Harvest(Apr-Aug),TNAU Agritech; NHB; ICAR-CISH
Papaya,Carica papaya,Fruit,Perennial,300,12,3500,15,26,38,1000,1500,2500,60,85,6.0,7.0,Sandy Loam,8,Moderate,200,200,250,Moderate,Low,Low,Low,Low,Seed Germination(0-25)|Nursery(25-75)|Transplant Estab(75-120)|Vegetative(120-180)|Flowering(180-220)|Fruiting(220-285)|Harvest(285-300),TNAU; ICAR; Vikaspedia
Coconut,Cocos nucifera,Fruit,Perennial,2920,15,30000,20,27,35,1000,1500,2500,70,90,5.5,7.5,Sandy Loam to Clay,8,Moderate,500,320,1200,Moderate,Moderate,High,Moderate,Moderate,Nursery(0-365)|Juvenile(365-2190)|Bearing(2190-2920),TNAU Agritech; CPCRI-ICAR
Guava,Psidium guajava,Fruit,Perennial,1825,12,15000,10,28,35,700,1000,2000,40,80,4.5,8.2,Sandy Loam,8,Low,300,150,150,High,High,Moderate,Moderate,Moderate,Nursery(0-365)|Establishment(365-730)|Flowering(Seasonal)|Fruiting(45-60 after flower)|Harvest(Biannual),TNAU; NHB; ICAR
Black Gram (Kharif Fallow),Vigna mungo,Pulse,Zaid,75,10,1100,20,28,35,300,500,700,60,80,6.5,7.5,Sandy Loam,7,Low,15,30,20,Moderate,Moderate,Low,Moderate,Low,Germination(0-6)|Seedling(6-16)|Vegetative(16-35)|Flowering(35-52)|Pod Dev(52-65)|Maturity(65-75),ICAR; TNAU
Linseed,Linum usitatissimum,Oilseed,Rabi,115,5,1400,7,20,28,350,600,900,40,70,6.0,7.0,Sandy Loam,6,Low,60,30,30,Low,Moderate,Low,Moderate,Low,Germination(0-7)|Seedling(7-22)|Vegetative(22-50)|Flowering(50-75)|Capsule Fill(75-100)|Maturity(100-115),ICAR; FAO ECOCROP
Sunhemp,Crotalaria juncea,Green Manure,Kharif,75,10,1100,18,28,40,700,1200,2000,50,80,6.0,7.5,Sandy Loam,8,Moderate,20,20,20,High,Moderate,Moderate,Moderate,Moderate,Germination(0-5)|Seedling(5-18)|Vegetative(18-45)|Flowering(45-65)|Pod Dev(65-72)|Maturity(72-75),TNAU; ICAR
Turmeric,Curcuma longa,Spice,Kharif,240,10,3500,20,28,35,1500,1800,2500,65,90,4.5,7.0,Well-Drained Loam,5,High,60,60,120,Low,Low,Low,Low,Low,Planting(0-20)|Sprouting(20-40)|Vegetative(40-120)|Rhizome Dev(120-200)|Senescence(200-235)|Harvest(235-240),TNAU; ICAR-IISR; NHB
Ginger,Zingiber officinale,Spice,Kharif,230,10,3300,20,28,35,1500,2000,3000,70,90,5.5,6.5,Sandy Loam,4,High,60,50,80,Low,Low,Low,Low,Low,Planting(0-15)|Sprouting(15-40)|Vegetative(40-120)|Rhizome Dev(120-190)|Senescence(190-220)|Harvest(220-230),TNAU; ICAR-IISR
Garlic,Allium sativum,Vegetable,Rabi,150,5,1800,10,15,25,400,700,1000,50,70,6.0,7.5,Sandy Loam,9,Moderate,100,50,50,Low,Moderate,Low,Moderate,Low,Germination(0-8)|Seedling(8-25)|Vegetative(25-70)|Bulb Initiation(70-100)|Bulb Enlargement(100-140)|Maturity(140-150),TNAU; NHRDF-ICAR; NHB
