Block,Major_Soil_Type,Texture,pH_Range,EC_dSm,Organic_Carbon_Percent,Available_N_kg_ha,Available_P_kg_ha,Available_K_kg_ha,Water_Holding_Capacity,Dominant_Crops,Suitability_Notes
Madurai East,Red Alluvial & Brown Soil,Sandy Clay Loam,6.5-7.5,< 1.0 (Safe),0.30-0.55 (Low-Med),180-260 (Low),15-22 (Med),150-250 (Med-High),Medium,"Rice, Banana, Vegetables","Good drainage, ideal for irrigated agriculture and vegetable cultivation."
Madurai West,Red Sandy & Brown Soil,Sandy Loam,6.5-7.5,< 1.0 (Safe),0.30-0.50 (Low-Med),180-250 (Low),12-20 (Med),140-230 (Med-High),Low-Medium,"Groundnut, Pulses, Sorghum","Responds well to organic manure; frequent light irrigation preferred."
Melur,Deep Red & Lateritic,Sandy Clay to Clay Loam,6.0-7.2,< 1.0 (Safe),0.40-0.65 (Med),220-280 (Low-Med),15-25 (Med-High),160-260 (High),Medium-High,"Rice, Sugarcane, Banana","Periyar-Vaigai command area; highly fertile with good irrigation."
Usilampatti,Black Cotton (Vertisols) & Red,Clay to Sandy Clay,7.5-8.5,< 1.0 (Safe),0.40-0.70 (Med),200-280 (Low-Med),10-20 (Low-Med),200-300 (High),High,"Cotton, Sorghum, Pearl Millet, Pulses","High moisture retention; prone to cracking when dry; ideal for rainfed cotton."
Thirumangalam,Black Cotton (Vertisols),Clay,7.5-8.5,1.0-1.5 (Slight),0.45-0.75 (Med),210-290 (Low-Med),12-22 (Med),220-350 (High),High,"Cotton, Maize, Chillies, Black Gram","Excellent for rabi/winter crops using residual moisture from NE monsoon."
Kalligudi,Black Cotton (Vertisols),Clay,7.5-8.5,1.0-1.5 (Slight),0.40-0.70 (Med),200-280 (Low-Med),12-22 (Med),220-330 (High),High,"Cotton, Pulses, Maize, Chillies","Very similar to Thirumangalam; deep black soils suitable for deep-rooted crops."
T. Kallupatti,Black Cotton & Brown,Clay Loam to Clay,7.2-8.2,< 1.0 (Safe),0.40-0.65 (Med),200-270 (Low-Med),12-20 (Med),200-300 (High),High,"Cotton, Pulses, Millets","High clay content requires good drainage management during heavy monsoon."
Sedapatti,Red Sandy & Brown Soil,Sandy Loam to Loam,6.5-7.8,< 1.0 (Safe),0.35-0.60 (Low-Med),180-260 (Low),15-25 (Med),150-250 (Med-High),Medium,"Groundnut, Maize, Pulses","Well-drained soils; requires supplemental irrigation during dry spells."
Vadipatti,Red Alluvial (Vaigai belt),Sandy Clay Loam,6.8-7.8,< 1.0 (Safe),0.40-0.65 (Med),210-290 (Low-Med),18-28 (Med-High),180-280 (High),Medium-High,"Rice, Sugarcane, Banana, Coconut","Rich alluvial deposits from Vaigai river; highly productive for wetland crops."
Alanganallur,Red Alluvial (Vaigai belt),Sandy Clay Loam,6.8-7.8,< 1.0 (Safe),0.45-0.70 (Med),220-300 (Med),18-30 (Med-High),180-280 (High),Medium-High,"Rice, Sugarcane, Banana, Coconut","Prime agricultural block; excellent soil fertility and canal irrigation."
Kottampatti,Red & Brown Soil,Sandy Loam to Clay Loam,6.5-7.5,< 1.0 (Safe),0.35-0.60 (Low-Med),190-270 (Low-Med),15-25 (Med),160-260 (Med-High),Medium,"Groundnut, Pulses, Millets","Mixed soil types; rainfed agriculture predominant; responds well to NPK."
Chellampatti,Red & Brown Soil,Sandy Loam,6.5-7.8,< 1.0 (Safe),0.30-0.55 (Low-Med),180-250 (Low),12-22 (Med),150-250 (Med-High),Low-Medium,"Groundnut, Sorghum, Pearl Millet","Needs organic manure to improve water holding capacity; drought prone."
Thiruparankundram,Red Alluvial & Brown,Sandy Clay Loam,6.8-8.0,< 1.0 (Safe),0.35-0.60 (Low-Med),190-270 (Low-Med),15-25 (Med),160-260 (Med-High),Medium,"Rice, Vegetables, Jasmine","Peri-urban agriculture; suitable for intensive vegetable and flower cultivation."
