Crop,Category,TN_Season_Name,TN_Pattam,Season_Type,Sow_Month_Start,Sow_Month_End,Sow_Month_Num_Start,Sow_Month_Num_End,Harvest_Month_Start,Harvest_Month_End,Harvest_Month_Num_Start,Harvest_Month_Num_End,Duration_Days,Water_Source,Monsoon_Dependency,Recommended_Varieties,Verified_Source,Notes
Rice,Cereal,Kar,Chithirai-Vaigasi,Kharif,May,June,5,6,September,October,9,10,110-120,Canal (Periyar-Vaigai) + Rainfed,SW Monsoon,"ADT 36, ADT 37, ADT 43, ADT(R) 45, IR 50, ASD 16, ASD 18, ASD 20, TRY(R) 2",TNAU Agritech Portal – Rice Seasons & Varieties,Short-duration varieties; Periyar-Vaigai canal command area
Rice,Cereal,Samba,Avani,Kharif-Rabi,August,August,8,8,December,January,12,1,130-135,Canal + Groundwater,SW + NE Monsoon,"IR 20, White Ponni, CO 42, CO 43, BPT 5204",TNAU Agritech Portal – Rice Seasons & Varieties,Medium-long duration; major season; NE monsoon supplementary
Rice,Cereal,Late Samba / Thaladi,Purattasi,Rabi,September,October,9,10,January,February,1,2,130-135,Canal + NE Monsoon Rain,NE Monsoon,"IR 20, White Ponni, CO 43, ADT(R) 45, ADT 56",TNAU Agritech Portal – Rice Seasons & Varieties,NE monsoon critical; Vaigai fills up; second major rice season
Rice,Cereal,Navarai,Margazhi-Thai,Zaid/Summer,December,January,12,1,April,May,4,5,110-120,Irrigated (Groundwater/Canal tail),None,"CO 58, CO 59, ADT 60, CORH 4, CORH 5",TNAU Agritech Portal – Rice Seasons & Varieties,Fully irrigated; summer crop; good yield only if water assured
Cotton,Commercial,Winter Irrigated,Avani-Purattasi,Kharif,August,September,8,9,January,February,1,2,150-170,Irrigated (Canal/Well),NE Monsoon,"MCU 5 VT, MCU 12, MCU 13, Supriya",TNAU Agritech Portal – Cotton Crop Guide,Irrigated; higher yield; Periyar-Vaigai command area
Cotton,Commercial,Rainfed,Purattasi-Karthigai,Rabi,September,October,9,10,February,March,2,3,150-170,Rainfed,NE Monsoon,"LRA 5166, KC 2, SVPR 2, K11",TNAU Agritech Portal – Cotton Crop Guide,NE monsoon dependent; Madurai southern blocks preferred
Cotton,Commercial,Summer Irrigated,Panguni-Chithirai,Zaid,February,March,2,3,July,August,7,8,150-170,Irrigated (Groundwater),None,"MCU 5, MCU 13, SVPR 2",TNAU Agritech Portal – Cotton Crop Guide,Full irrigation; avoid water stress at boll development stage
Groundnut,Oilseed,Rainfed (Adipattam),Adi,Kharif,June,August,6,8,October,November,10,11,105-120,Rainfed,SW Monsoon,"TMV 7, CO 2, CO 3, VRI 2",TNAU Agritech Portal – Groundnut Guide,Sandy loam areas; SW monsoon onset critical for sowing
Groundnut,Oilseed,Irrigated (Margazhipattam),Margazhi,Rabi,December,January,12,1,March,April,3,4,105-120,Irrigated (Well),None,"VRI 2, VRI 3, ALR 3, TMV 7",TNAU Agritech Portal – Groundnut Guide,Well-irrigated; good pod quality; Madurai garden land
Groundnut,Oilseed,Summer (Chithiraipattam),Chithirai,Zaid,April,May,4,5,July,August,7,8,105-120,Irrigated (Canal/Well),None,"CO 3, TMV 7, CTD 1",TNAU Agritech Portal – Groundnut Guide,Canal tail-end water; drought-tolerant varieties preferred
Black Gram,Pulse,Kharif (Adipattam),Adi,Kharif,June,July,6,7,August,September,8,9,70-85,Rainfed,SW Monsoon,"VBN 6, VBN 8, MDU 1, CO 6",TNAU Agritech Portal – Pulses Guide,Short-duration; pure crop or rice-fallow system
Black Gram,Pulse,Rabi/Rice Fallow,Purattasi-Karthigai,Rabi,September,November,9,11,December,January,12,1,70-85,Residual Soil Moisture,NE Monsoon,"VBN 6, VBN 8, VBN 10, CO 6",TNAU Agritech Portal – Pulses Guide,Post-rice fallow; NE monsoon residual moisture; relay cropping
Black Gram,Pulse,Summer (Thaipattam),Thai,Zaid,January,February,1,2,March,April,3,4,70-85,Irrigated,None,"VBN 6, CO 6, MDU 1",TNAU Agritech Portal – Pulses Guide,Post-Navarai rice; supplementary irrigation needed
Green Gram,Pulse,Kharif (Adipattam),Adi,Kharif,June,August,6,8,August,September,8,9,60-70,Rainfed,SW Monsoon,"VBN 2, CO 6, MDU 1, VGG 1",TNAU Agritech Portal – Pulses Guide,Short 60-70 days; intercrop with sorghum common
Green Gram,Pulse,Summer (Thaipattam),Thai,Zaid,January,February,1,2,March,April,3,4,60-70,Irrigated,None,"VBN 2, VGG 1, CO 6",TNAU Agritech Portal – Pulses Guide,After Navarai rice harvest; residual canal water
Red Gram,Pulse,Kharif (Vaigasi),Vaigasi,Kharif,May,June,5,6,October,November,10,11,150-160,Rainfed + Supplemental,SW Monsoon,"CO(Rg) 7",TNAU Agritech Portal – Pulses (Red Gram),Early planting; long-duration; heat-tolerant variety
Red Gram,Pulse,Kharif (Adipattam),Adi,Kharif,June,August,6,8,November,December,11,12,150-160,Rainfed + Supplemental,SW + NE Monsoon,"CO 6, LRG 41, Vamban 2",TNAU Agritech Portal – Pulses (Red Gram),Main season; withstands Madurai dry spells
Red Gram,Pulse,Rabi (Purattasipattam),Purattasi,Rabi,September,October,9,10,February,March,2,3,150-160,Rainfed + Irrigated,NE Monsoon,"CO(Rg) 7, APK 1",TNAU Agritech Portal – Pulses (Red Gram),NE monsoon supported; irrigated for better yield
Cowpea,Pulse,Kharif (Adipattam),Adi,Kharif,June,August,6,8,August,October,8,10,70-90,Rainfed,SW Monsoon,"CO 6, CO(CP) 7, Paiyur 1, VBN 1",TNAU Agritech Portal – Pulses (Cowpea),Quick 80-90 days; excellent crop rotation in Madurai
Cowpea,Pulse,Rabi (Purattasipattam),Purattasi,Rabi,September,November,9,11,November,January,11,1,70-90,Rainfed + Irrigated,NE Monsoon,"CO 6, CO(CP) 7, Paiyur 1",TNAU Agritech Portal – Pulses (Cowpea),NE monsoon rain; can be relay cropped with rice
Cowpea,Pulse,Winter/Summer (Margazhi-Thai),Margazhi-Thai,Zaid,December,February,12,2,February,April,2,4,70-90,Irrigated,None,"CO 2, CO 6, CO(CP) 7, VBN 2",TNAU Agritech Portal – Pulses (Cowpea),Irrigated winter/summer; post-rice rotation crop
Horse Gram,Pulse,Rabi (Purattasipattam),Purattasi-Karthigai,Rabi,September,November,9,11,December,February,12,2,100-110,Rainfed,NE Monsoon,"Paiyur 1, Paiyur 2, CO 1",TNAU Agritech Portal – Horse Gram Guide,Main season; NE monsoon supported; dryland crop
Horse Gram,Pulse,Fodder (Adipattam),Adi,Kharif,June,August,6,8,August,October,8,10,90-100,Rainfed,SW Monsoon,"Paiyur 2, CO 1",TNAU Agritech Portal – Horse Gram Guide,Grown as fodder crop in SW monsoon season
Chickpea,Pulse,Rabi (Purattasipattam),Purattasi,Rabi,September,October,9,10,January,February,1,2,85-100,Rainfed + Irrigated,NE Monsoon,"CO 3, CO 4 (COG 30), MNK 1",TNAU Agritech Portal – Chickpea Guide; PMFBY,Rainfed last week Sep; irrigated mid-Oct to early Nov; deep black soils
Maize,Cereal,Kharif (Adipattam),Adi,Kharif,June,July,6,7,September,October,9,10,90-100,Rainfed + Irrigated,SW Monsoon,"CO 1, COHM 5, COHM 6, NAH 1137",TNAU Agritech Portal – Maize Guide,Upland areas; SW monsoon onset sowing
Maize,Cereal,Rabi (Purattasipattam),Purattasi,Rabi,September,October,9,10,December,January,12,1,90-100,Irrigated + NE Rain,NE Monsoon,"COHM 5, COHM 6, NK 6240",TNAU Agritech Portal – Maize Guide,NE monsoon rain + residual soil moisture
Maize,Cereal,Summer (Thaipattam),Thai-Masi,Zaid,January,April,1,4,April,June,4,6,90-100,Irrigated,None,"COHM 5, COHM 6",TNAU Agritech Portal – Maize Guide,Rotation crop after rice; fully irrigated
Sorghum,Cereal,Kharif (Adipattam),Adi,Kharif,June,July,6,7,September,October,9,10,100-110,Rainfed,SW Monsoon,"CO 30, CO(S) 28, K1",TNAU Agritech Portal – Sorghum Guide,Dryland areas; very drought-tolerant; Madurai interior blocks
Sorghum,Cereal,Rabi (Purattasipattam),Purattasi,Rabi,September,October,9,10,January,February,1,2,100-110,Rainfed,NE Monsoon,"CO 26, CO 5 (Hybrid), BSR 1",TNAU Agritech Portal – Sorghum Guide,Post NE monsoon; food and fodder; dual purpose varieties
Sorghum,Cereal,Summer (Thaipattam),Thai,Zaid,January,February,1,2,April,May,4,5,100-110,Irrigated,None,"CO 30, SPV 462",TNAU Agritech Portal – Sorghum Guide,Summer irrigated; limited practice in Madurai
Pearl Millet,Cereal,Irrigated (Chithirai),Chithirai-Vaigasi,Kharif,April,May,4,5,July,August,7,8,80-90,Irrigated,None,"COH 10",TNAU Agritech Portal – Pearl Millet Guide,Irrigated; early season before monsoon
Pearl Millet,Cereal,Irrigated (Adipattam),Adi,Kharif,June,July,6,7,September,September,9,9,80-90,Rainfed + Irrigated,SW Monsoon,"COH 10",TNAU Agritech Portal – Pearl Millet Guide,SW monsoon onset; short 85-day harvest
Pearl Millet,Cereal,Rainfed (Purattasipattam),Purattasi,Rabi,September,October,9,10,December,December,12,12,80-90,Rainfed,NE Monsoon,"COH 10",TNAU Agritech Portal – Pearl Millet Guide,NE monsoon; Madurai sandy belt; 85 days
Finger Millet,Cereal,Kharif (Adipattam),Adi,Kharif,July,August,7,8,October,November,10,11,100-115,Rainfed,SW Monsoon,"CO 12, CO 14, GPU 28, Paiyur 1",TNAU Agritech Portal – Finger Millet Guide,Hill and plateau areas; nutritious dryland crop
Tomato,Vegetable,Kharif,Vaigasi-Adi,Kharif,May,June,5,6,August,October,8,10,120-130,Irrigated (Drip),SW Monsoon,"CO 3 (Marutham), PKM 1, Paiyur 1, COTH 1, COTH 2",TNAU Agritech Portal – Vegetable Guide (Tomato),Drip irrigation; stake/cage; avoid excess monsoon rain at fruiting
Tomato,Vegetable,Rabi,Karthigai-Margazhi,Rabi,November,December,11,12,February,March,2,3,120-130,Irrigated (Drip),NE Monsoon,"PKM 1, CO 3 (Marutham), TNAU Tomato Hybrid CO 3, CO 4",TNAU Agritech Portal – Vegetable Guide (Tomato),Best season for Madurai; mild temp + NE monsoon moisture ideal
Brinjal,Vegetable,Rabi,Margazhi-Thai,Rabi,December,January,12,1,March,May,3,5,120-140,Irrigated,NE Monsoon,"MDU 1, CO 1, CO 2, PLR 1, Annamalai, Arka Nidhi",TNAU Agritech Portal – Vegetable Guide (Brinjal),MDU 1 developed at AC&RI Madurai; round bright purple; high yield 30 t/ha
Brinjal,Vegetable,Kharif,Vaigasi-Adi,Kharif,May,June,5,6,August,October,8,10,120-140,Irrigated + Rainfed,SW Monsoon,"MDU 1, CO 2, PLR 1",TNAU Agritech Portal – Vegetable Guide (Brinjal),Year-round possible; Madurai market preference for MDU 1
Chilli,Vegetable,Kharif,Adi,Kharif,June,July,6,7,October,December,10,12,140-150,Irrigated (Drip),SW Monsoon,"CO 1, CO 2, CO 4, KKM(Ch) 1, PMK 1",TNAU Agritech Portal – Vegetable Guide (Chilli),PMK 1 for semi-dry conditions; long harvest 150 days
Chilli,Vegetable,Rabi,Thai-Masi,Rabi,January,February,1,2,May,July,5,7,140-150,Irrigated (Drip),None,"CO 1, CO 2, CO 4, CO 5",TNAU Agritech Portal – Vegetable Guide (Chilli),Irrigated winter sowing; CO 5 high capsaicin for industrial use
Chilli,Vegetable,Late Kharif,Purattasi,Rabi,September,October,9,10,January,March,1,3,140-150,Irrigated + NE Rain,NE Monsoon,"CO 1, CO 2, KKM(Ch) 1",TNAU Agritech Portal – Vegetable Guide (Chilli),NE monsoon rain + irrigation; Madurai dry chilli export
Okra,Vegetable,Kharif,Adi,Kharif,June,July,6,7,August,October,8,10,45-65,Rainfed + Irrigated,SW Monsoon,"CO 1, Arka Anamika, MDU 1",TNAU Agritech Portal – Vegetable Guide (Okra),Heat-loving; Madurai climate ideal; multiple pickings
Okra,Vegetable,Summer,Thai-Masi,Zaid,January,March,1,3,March,May,3,5,45-65,Irrigated,None,"Arka Anamika, CO 1, Parbhani Kranti",TNAU Agritech Portal – Vegetable Guide (Okra),Warm conditions favourable; can grow year-round in Madurai
Onion (Small),Vegetable,Kharif,Chithirai-Vaigasi,Kharif,April,May,4,5,July,August,7,8,90-120,Irrigated (Drip),None,"CO 1, CO 4, CO(On) 5, MDU 1",TNAU Agritech Portal – Vegetable Guide (Onion),Small onion (Sambar onion); Madurai known for this; day-length sensitive
Onion (Small),Vegetable,Rabi,Karthigai,Rabi,October,November,10,11,January,February,1,2,90-120,Irrigated (Drip),NE Monsoon,"CO 4, CO(On) 5, MDU 1, CO 3",TNAU Agritech Portal – Vegetable Guide (Onion),NE monsoon moisture; dry weather at maturity needed for curing
Cabbage,Vegetable,Rabi,Avani-Karthigai,Rabi,August,November,8,11,November,February,11,2,90-100,Irrigated,NE Monsoon,"Golden Acre, Maha Rani",TNAU Agritech Portal – Vegetable Guide (Cabbage),Cool-season crop; limited in Madurai plains; best in cooler months
Cauliflower,Vegetable,Rabi,Purattasi-Masi,Rabi,September,February,9,2,December,May,12,5,90-105,Irrigated,NE Monsoon,"Early Synthetic, NS131, Arka Kanti, Patna Mid Season",TNAU Agritech Portal – Vegetable Guide (Cauliflower),Cool-season; grown in cooler months; limited in hot plain areas
Potato,Vegetable,Rabi,Karthigai-Margazhi,Rabi,November,December,11,12,February,March,2,3,90-100,Irrigated,NE Monsoon,"Kufri Jyoti, Kufri Giriraj",TNAU Agritech Portal – Vegetable Guide (Potato),Limited in Madurai; upland blocks with cooler temps only; mainly hill crop
Garlic,Vegetable,Rabi,Karthigai,Rabi,October,November,10,11,February,March,2,3,130-150,Irrigated,NE Monsoon,"Ooty 1, Ooty 2",TNAU Agritech Portal – Vegetable Guide (Garlic),Primarily hill crop; limited in Madurai plains; needs cool short days
Sugarcane,Commercial,Main Season (Early),Margazhi-Thai,Rabi,December,January,12,1,December,January,12,1,330-365,Irrigated (Furrow/Drip),None,"CO 86032, CO 8014, CO 99004, SNK 15",TNAU Agritech Portal – Sugarcane Guide,Plant crop 12 months; Madurai cooperative mill supply; ratoon follows
Sugarcane,Commercial,Main Season (Mid),Masi-Panguni,Zaid,February,March,2,3,February,March,2,3,330-365,Irrigated (Furrow/Drip),None,"CO 86032, CO 8014, CO 99004",TNAU Agritech Portal – Sugarcane Guide,Mid planting; 10-12 months to harvest; drip irrigation recommended
Sugarcane,Commercial,Main Season (Late),Chithirai-Vaigasi,Kharif,April,May,4,5,March,April,3,4,330-365,Irrigated (Furrow/Drip),SW Monsoon,"CO 86032, CO 8014",TNAU Agritech Portal – Sugarcane Guide,Late planting; SW monsoon rain supplements irrigation
Banana,Fruit,Garden Land,Thai-Masi,Perennial,January,February,1,2,January,February,1,2,300-365,Irrigated (Drip),None,"Robusta, Grand Naine, Poovan, Nendran, Rasthali, Red Banana",TNAU Agritech Portal – Banana Guide; NHB,Madurai famous for Poovan & Nendran; 12 months to harvest
Banana,Fruit,Wetland,Panguni-Chithirai,Perennial,February,April,2,4,February,April,2,4,300-365,Irrigated (Drip/Basin),None,"Robusta, Poovan, Karpooravalli, Neypoovan",TNAU Agritech Portal – Banana Guide; NHB,Wetland planting; drip irrigation critical for Madurai conditions
Banana,Fruit,Post-Monsoon,Karthigai-Margazhi,Perennial,November,December,11,12,November,December,11,12,300-365,Irrigated (Drip),NE Monsoon,"Grand Naine, Robusta, Poovan, Kaveri Vaaman (dwarf)",TNAU Agritech Portal – Banana Guide; NHB,Post NE monsoon; Kaveri Vaaman new dwarf variety from TNAU
Mango,Fruit,Rainy Season,Adi-Avani,Perennial,June,August,6,8,April,July,4,7,Annual cycle,Rainfed + Supplemental,SW Monsoon,"Alphonso, Banganapalli, Neelam, Imampasand, Mulgoa",TNAU Agritech Portal – Mango Guide; NHB; ICAR-CISH,Planting in monsoon; flower Oct-Nov; harvest Apr-Jul; dry spell before flowering needed
Coconut,Fruit,SW Monsoon,Adi,Perennial,June,July,6,7,Year-round,Year-round,1,12,Continuous,Irrigated (Basin),All Year,"VHC 2, VPM 3, VHC 3, ALR(CN) 1, East Coast Tall",TNAU Agritech Portal – Coconut Guide; CPCRI,Evergreen; harvest every 45-60 days; minimum 8 years to full bearing
Coconut,Fruit,NE Monsoon,Margazhi,Perennial,December,January,12,1,Year-round,Year-round,1,12,Continuous,Irrigated (Basin),NE Monsoon,"VHC 2, VPM 3, COD",TNAU Agritech Portal – Coconut Guide; CPCRI,Alternative planting window; NE monsoon provides initial moisture
Papaya,Fruit,Monsoon,Adi-Avani,Perennial,June,September,6,9,March,May,3,5,270-300,Irrigated (Drip),SW Monsoon,"CO 7, CO 8, Surya, Coorg Honey Dew, Pusa Delicious, Red Lady",TNAU Agritech Portal – Papaya Guide; ICAR,9-10 months first harvest; avoid heavy rain period for planting; drainage critical
Guava,Fruit,Monsoon,Adi-Avani,Perennial,July,December,7,12,Biannual,Biannual,0,0,Biannual,Irrigated (Drip) + Rainfed,All Year,"Lucknow 49, Allahabad Safeda, Arka Mridula",TNAU Agritech Portal – Fruit Guide; NHB; ICAR,Two bearing seasons (Mrig + Hasth bahar); Madurai periurban farms
Sesame,Oilseed,Kharif (Adipattam),Adi,Kharif,July,August,7,8,September,October,9,10,80-90,Rainfed,SW Monsoon,"TMV 3, TMV 4, TMV 6, TMV 7",TNAU Agritech Portal – Sesame (Gingelly) Guide,Main season; 85-90 days; SW monsoon dependent
Sesame,Oilseed,Summer (Masipattam),Masi,Zaid,January,February,1,2,March,April,3,4,80-90,Irrigated,None,"TMV 3, TMV 7, SVPR 1, VRI(SV) 1",TNAU Agritech Portal – Sesame (Gingelly) Guide,Irrigated summer crop; good oil quality; white sesame varieties
Sesame,Oilseed,Rabi (Purattasipattam),Purattasi-Karthigai,Rabi,September,October,9,10,November,December,11,12,80-90,Rainfed,NE Monsoon,"TMV 5, TMV 7, CO 1 (Black)",TNAU Agritech Portal – Sesame (Gingelly) Guide,NE monsoon; CO 1 is black sesame variety
Sunflower,Oilseed,Kharif (Adipattam),Adi,Kharif,June,July,6,7,September,October,9,10,90-95,Rainfed + Irrigated,SW Monsoon,"KBSH 1, KBSH 44, COSFV 5, CO 3",TNAU Agritech Portal – Sunflower Guide,Rainfed and irrigated; 90-day hybrid varieties
Sunflower,Oilseed,Rabi (Karthigaipattam),Karthigai,Rabi,October,November,10,11,January,February,1,2,90-95,Rainfed + Irrigated,NE Monsoon,"KBSH 44, DRSH 1, TNAU Sunflower Hybrid CO 2",TNAU Agritech Portal – Sunflower Guide,NE monsoon rain; inter-crop with cotton common
Sunflower,Oilseed,Summer (Chithiraipattam),Chithirai,Zaid,April,May,4,5,July,August,7,8,90-95,Irrigated,None,"KBSH 44, CO 3, COSFV 5",TNAU Agritech Portal – Sunflower Guide,Pre-monsoon irrigated; good oil yield in warm weather
Castor,Oilseed,Rainfed (Adipattam),Adi,Kharif,June,July,6,7,November,December,11,12,140-170,Rainfed,SW + NE Monsoon,"TMV 5, TMV 6, YTP-1, TMVCH 1",TNAU Agritech Portal – Castor Guide,Sow by June 15; deep tap root; Botrytis risk in NE monsoon
Castor,Oilseed,Irrigated (Karthigaipattam),Karthigai-Margazhi,Rabi,November,December,11,12,March,April,3,4,140-170,Irrigated,None,"TMVCH 1, YRCH 1, YRCH 2, CO 1",TNAU Agritech Portal – Castor Guide,Post-monsoon; avoids Botrytis grey rot; better disease escape
Mustard,Oilseed,Rabi,Purattasi-Karthigai,Rabi,October,November,10,11,January,February,1,2,110-130,Rainfed + Light Irrigation,NE Monsoon,"Varuna, TM 2, TM 4, Pusa Gold",TNAU Agritech Portal – Oilseed Guide (Mustard),Minor crop in Madurai; early sowing by Oct 20 to avoid aphids; cool weather needed
Turmeric,Spice,Kharif,Vaigasi-Adi,Kharif,May,June,5,6,February,March,2,3,240-270,Irrigated (Furrow),SW Monsoon + Irrigation,"CO 1, CO 2, BSR 1, BSR 2, BSR 3",TNAU Agritech Portal – Turmeric Guide; ICAR-IISR,240 days; Madurai-Erode belt famous; inter-crop with banana or maize
Ginger,Spice,Kharif,Vaigasi-Adi,Kharif,May,June,5,6,November,December,11,12,210-230,Rainfed + Supplemental,SW Monsoon,"Maran, Nadia, Rio-de-Janeiro",TNAU Agritech Portal – Ginger Guide; ICAR-IISR,230 days; partial shade preferred; inter-crop with coconut
